,test_auc,test_acc,test_f1
0,0.8968621399176955,0.81395346,0.76470584
