,test_auc,test_acc,test_f1
0,0.912037037037037,0.88372093,0.83516484
