,test_auc,test_acc,test_f1
0,0.8960905349794239,0.88372093,0.84210527
