,test_auc,test_acc,test_f1
0,0.9157664609053497,0.8449612,0.8076923
