,test_auc,test_acc,test_f1
0,0.901491769547325,0.85271317,0.7912088
